"1055","Laura","Garcia","passwordabc","111-222-3333","laura.garcia@example.com"
"2022","Jane","Smith","password456","987-654-3210","jane.smith@example.com"
"3541","Mike","Johnson","pass789","555-123-4567","mike.johnson@example.com"
"4451","Sarah","Brown","mypassword","444-567-8901","sarah.brown@example.com"
"5410","David","Williams","secret123","222-333-4444","david.williams@example.com"
"5562","John","Doe","password123","123-456-7890","john.doe@example.com"
"6540","Emma","Jones","mypassword456","333-444-5555","emma.jones@example.com"
"7525","James","Martinez","password987","999-888-7777","james.martinez@example.com"
"7630","Chris","Davis","pass123","555-666-7777","chris.davis@example.com"
"8520","Anna","Wilson","secretpassword","888-999-1111","anna.wilson@example.com"
